eccentricity,p
0.95,0.00463
.9,0.01389
.8,0.02778
.7,0.11574
.6,0.21296
.5,0.36574
.4,0.16666
.3,0.0463
.2,0.02778
.1,0.01389
0,0.00463