eccentricity,p,p_moderate,p_close,p_very_close
0.95,0.00463,0,0,0
.9,0.01389,0,0,0
.8,0.02778,0.00462963,0,0
.7,0.11574,0.041666667,0.00462963,0
.6,0.21296,0.11574074,0.041666667,0.00462962962963
.5,0.36574,0.337962963,0.212962962,0.087962963
.4,0.16666,0.240740741,0.240740741,0.1666666666666
.3,0.0463,0.097222222,0.125,0.115740741
.2,0.02778,0.069444444,0.115740741,0.125
.1,0.01389,0.046296296,0.097222222,0.125
0,0.00463,0.046296297,0.162037037,0.37500000000023